{   "camera": "Azure Kinect",
    "width": 1280,
    "height": 720,
    "intrinsic_matrix": [
        504.707397,
        0,
        0,
        0,
        504.789978,
        0,
        319.5,
        239.86126708984375,
        1
    ]
}